Type,SKU,Name,Published,Is featured?,Visibility in catalog,Short description,Description,In stock?,Stock,Regular price,Categories,Images,Tax status,Tax class
simple,TG-1,All We Want to Say,1,0,visible,"""All We Want to Say"" — a witty, hand-illustrated greeting card by Trademark Greetings. Front cover shown; the message is inside.","""All We Want to Say"" — a witty, hand-illustrated greeting card by Trademark Greetings. Front cover shown; the message is inside. Category: Birthday. Blank envelope included. Sold individually.",1,100,3.95,Greeting Cards > Birthday,"https://raw.githubusercontent.com/jgffyjbv/trademarkgreetings/main/assets/cards/1-bday-all-we-want-to-say-front.webp, https://raw.githubusercontent.com/jgffyjbv/trademarkgreetings/main/assets/cards/1-bday-all-we-want-to-say-inside.webp",taxable,
simple,TG-2,Birthday Cupcake,1,0,visible,"""Birthday Cupcake"" — a witty, hand-illustrated greeting card by Trademark Greetings. Front cover shown; the message is inside.","""Birthday Cupcake"" — a witty, hand-illustrated greeting card by Trademark Greetings. Front cover shown; the message is inside. Category: Birthday. Blank envelope included. Sold individually.",1,100,3.95,Greeting Cards > Birthday,"https://raw.githubusercontent.com/jgffyjbv/trademarkgreetings/main/assets/cards/2-bday-cupcake-front.webp, https://raw.githubusercontent.com/jgffyjbv/trademarkgreetings/main/assets/cards/2-bday-cupcake-inside.webp",taxable,
simple,TG-6,Birthday Girl,1,0,visible,"""Birthday Girl"" — a witty, hand-illustrated greeting card by Trademark Greetings. Front cover shown; the message is inside.","""Birthday Girl"" — a witty, hand-illustrated greeting card by Trademark Greetings. Front cover shown; the message is inside. Category: Birthday. Blank envelope included. Sold individually.",1,100,3.95,Greeting Cards > Birthday,"https://raw.githubusercontent.com/jgffyjbv/trademarkgreetings/main/assets/cards/6-bday-girl-ruler-front.webp, https://raw.githubusercontent.com/jgffyjbv/trademarkgreetings/main/assets/cards/6-bday-girl-ruler-inside.webp",taxable,
simple,TG-8,Big Pink Birthday Cake,1,0,visible,"""Big Pink Birthday Cake"" — a witty, hand-illustrated greeting card by Trademark Greetings. Front cover shown; the message is inside.","""Big Pink Birthday Cake"" — a witty, hand-illustrated greeting card by Trademark Greetings. Front cover shown; the message is inside. Category: Birthday. Blank envelope included. Sold individually.",1,100,3.95,Greeting Cards > Birthday,"https://raw.githubusercontent.com/jgffyjbv/trademarkgreetings/main/assets/cards/8-bday-big-pink-cake-front.webp, https://raw.githubusercontent.com/jgffyjbv/trademarkgreetings/main/assets/cards/8-bday-big-pink-cake-inside.webp",taxable,
simple,TG-9,Birthday Ladybug,1,0,visible,"""Birthday Ladybug"" — a witty, hand-illustrated greeting card by Trademark Greetings. Front cover shown; the message is inside.","""Birthday Ladybug"" — a witty, hand-illustrated greeting card by Trademark Greetings. Front cover shown; the message is inside. Category: Birthday. Blank envelope included. Sold individually.",1,100,3.95,Greeting Cards > Birthday,"https://raw.githubusercontent.com/jgffyjbv/trademarkgreetings/main/assets/cards/9-bday-ladybug-front.webp, https://raw.githubusercontent.com/jgffyjbv/trademarkgreetings/main/assets/cards/9-bday-ladybug-inside.webp",taxable,
simple,TG-10,Birthday Mailbox,1,0,visible,"""Birthday Mailbox"" — a witty, hand-illustrated greeting card by Trademark Greetings. Front cover shown; the message is inside.","""Birthday Mailbox"" — a witty, hand-illustrated greeting card by Trademark Greetings. Front cover shown; the message is inside. Category: Birthday. Blank envelope included. Sold individually.",1,100,3.95,Greeting Cards > Birthday,"https://raw.githubusercontent.com/jgffyjbv/trademarkgreetings/main/assets/cards/10-bday-mailbox-front.webp, https://raw.githubusercontent.com/jgffyjbv/trademarkgreetings/main/assets/cards/10-bday-mailbox-inside.webp",taxable,
simple,TG-11,Think of You All Year,1,0,visible,"""Think of You All Year"" — a witty, hand-illustrated greeting card by Trademark Greetings. Front cover shown; the message is inside.","""Think of You All Year"" — a witty, hand-illustrated greeting card by Trademark Greetings. Front cover shown; the message is inside. Category: Birthday. Blank envelope included. Sold individually.",1,100,3.95,Greeting Cards > Birthday,"https://raw.githubusercontent.com/jgffyjbv/trademarkgreetings/main/assets/cards/11-bday-think-of-you-all-year-front.webp, https://raw.githubusercontent.com/jgffyjbv/trademarkgreetings/main/assets/cards/11-bday-think-of-you-all-year-inside.webp",taxable,
simple,TG-13,Click of a Button,1,0,visible,"""Click of a Button"" — a witty, hand-illustrated greeting card by Trademark Greetings. Front cover shown; the message is inside.","""Click of a Button"" — a witty, hand-illustrated greeting card by Trademark Greetings. Front cover shown; the message is inside. Category: Thank You. Blank envelope included. Sold individually.",1,100,3.95,Greeting Cards > Thank You,"https://raw.githubusercontent.com/jgffyjbv/trademarkgreetings/main/assets/cards/13-thank-you-click-of-a-button-front.webp, https://raw.githubusercontent.com/jgffyjbv/trademarkgreetings/main/assets/cards/13-thank-you-click-of-a-button-inside.webp",taxable,
simple,TG-14,"Thank You, 9 to 5",1,0,visible,"""Thank You, 9 to 5"" — a witty, hand-illustrated greeting card by Trademark Greetings. Front cover shown; the message is inside.","""Thank You, 9 to 5"" — a witty, hand-illustrated greeting card by Trademark Greetings. Front cover shown; the message is inside. Category: Thank You. Blank envelope included. Sold individually.",1,100,3.95,Greeting Cards > Thank You,"https://raw.githubusercontent.com/jgffyjbv/trademarkgreetings/main/assets/cards/14-thank-you-9-to-5-front.webp, https://raw.githubusercontent.com/jgffyjbv/trademarkgreetings/main/assets/cards/14-thank-you-9-to-5-inside.webp",taxable,
simple,TG-15,Keep On Going,1,0,visible,"""Keep On Going"" — a witty, hand-illustrated greeting card by Trademark Greetings. Front cover shown; the message is inside.","""Keep On Going"" — a witty, hand-illustrated greeting card by Trademark Greetings. Front cover shown; the message is inside. Category: Encouragement. Blank envelope included. Sold individually.",1,100,3.95,Greeting Cards > Encouragement,"https://raw.githubusercontent.com/jgffyjbv/trademarkgreetings/main/assets/cards/15-keep-on-going-front.webp, https://raw.githubusercontent.com/jgffyjbv/trademarkgreetings/main/assets/cards/15-keep-on-going-inside.webp",taxable,
simple,TG-18,When You Doubt Yourself,1,0,visible,"""When You Doubt Yourself"" — a witty, hand-illustrated greeting card by Trademark Greetings. Front cover shown; the message is inside.","""When You Doubt Yourself"" — a witty, hand-illustrated greeting card by Trademark Greetings. Front cover shown; the message is inside. Category: Encouragement. Blank envelope included. Sold individually.",1,100,3.95,Greeting Cards > Encouragement,"https://raw.githubusercontent.com/jgffyjbv/trademarkgreetings/main/assets/cards/18-at-times-you-might-doubt-yourself-front.webp, https://raw.githubusercontent.com/jgffyjbv/trademarkgreetings/main/assets/cards/18-at-times-you-might-doubt-yourself-inside.webp",taxable,
simple,TG-20,The Race Is On,1,0,visible,"""The Race Is On"" — a witty, hand-illustrated greeting card by Trademark Greetings. Front cover shown; the message is inside.","""The Race Is On"" — a witty, hand-illustrated greeting card by Trademark Greetings. Front cover shown; the message is inside. Category: Get Well. Blank envelope included. Sold individually.",1,100,3.95,Greeting Cards > Get Well,"https://raw.githubusercontent.com/jgffyjbv/trademarkgreetings/main/assets/cards/20-get-well-race-is-on-front.webp, https://raw.githubusercontent.com/jgffyjbv/trademarkgreetings/main/assets/cards/20-get-well-race-is-on-inside.webp",taxable,
simple,TG-21,The Checklist,1,0,visible,"""The Checklist"" — a witty, hand-illustrated greeting card by Trademark Greetings. Front cover shown; the message is inside.","""The Checklist"" — a witty, hand-illustrated greeting card by Trademark Greetings. Front cover shown; the message is inside. Category: Just Because. Blank envelope included. Sold individually.",1,100,3.95,Greeting Cards > Just Because,"https://raw.githubusercontent.com/jgffyjbv/trademarkgreetings/main/assets/cards/21-checklist-front.webp, https://raw.githubusercontent.com/jgffyjbv/trademarkgreetings/main/assets/cards/21-checklist-inside.webp",taxable,
simple,TG-23,Tips for a New Husband,1,0,visible,"""Tips for a New Husband"" — a witty, hand-illustrated greeting card by Trademark Greetings. Front cover shown; the message is inside.","""Tips for a New Husband"" — a witty, hand-illustrated greeting card by Trademark Greetings. Front cover shown; the message is inside. Category: Congratulations. Blank envelope included. Sold individually.",1,100,3.95,Greeting Cards > Congratulations,"https://raw.githubusercontent.com/jgffyjbv/trademarkgreetings/main/assets/cards/23-tips-new-husband-front.webp, https://raw.githubusercontent.com/jgffyjbv/trademarkgreetings/main/assets/cards/23-tips-new-husband-inside.webp",taxable,
simple,TG-24,It's a Boy!,1,0,visible,"""It's a Boy!"" — a witty, hand-illustrated greeting card by Trademark Greetings. Front cover shown; the message is inside.","""It's a Boy!"" — a witty, hand-illustrated greeting card by Trademark Greetings. Front cover shown; the message is inside. Category: New Baby. Blank envelope included. Sold individually.",1,100,3.95,Greeting Cards > New Baby,"https://raw.githubusercontent.com/jgffyjbv/trademarkgreetings/main/assets/cards/24-its-a-boy-front.webp, https://raw.githubusercontent.com/jgffyjbv/trademarkgreetings/main/assets/cards/24-its-a-boy-inside.webp",taxable,
simple,TG-25,It's a Girl!,1,0,visible,"""It's a Girl!"" — a witty, hand-illustrated greeting card by Trademark Greetings. Front cover shown; the message is inside.","""It's a Girl!"" — a witty, hand-illustrated greeting card by Trademark Greetings. Front cover shown; the message is inside. Category: New Baby. Blank envelope included. Sold individually.",1,100,3.95,Greeting Cards > New Baby,"https://raw.githubusercontent.com/jgffyjbv/trademarkgreetings/main/assets/cards/25-its-a-girl-front.webp, https://raw.githubusercontent.com/jgffyjbv/trademarkgreetings/main/assets/cards/25-its-a-girl-inside.webp",taxable,
simple,TG-26,When I Don't Know What to Do,1,0,visible,"""When I Don't Know What to Do"" — a witty, hand-illustrated greeting card by Trademark Greetings. Front cover shown; the message is inside.","""When I Don't Know What to Do"" — a witty, hand-illustrated greeting card by Trademark Greetings. Front cover shown; the message is inside. Category: Encouragement. Blank envelope included. Sold individually.",1,100,3.95,Greeting Cards > Encouragement,"https://raw.githubusercontent.com/jgffyjbv/trademarkgreetings/main/assets/cards/26-when-i-dont-know-what-to-do-front.webp, https://raw.githubusercontent.com/jgffyjbv/trademarkgreetings/main/assets/cards/26-when-i-dont-know-what-to-do-inside.webp",taxable,
simple,TG-28,It's a Girl — Joyful Twirl,1,0,visible,"""It's a Girl — Joyful Twirl"" — a witty, hand-illustrated greeting card by Trademark Greetings. Front cover shown; the message is inside.","""It's a Girl — Joyful Twirl"" — a witty, hand-illustrated greeting card by Trademark Greetings. Front cover shown; the message is inside. Category: New Baby. Blank envelope included. Sold individually.",1,100,3.95,Greeting Cards > New Baby,"https://raw.githubusercontent.com/jgffyjbv/trademarkgreetings/main/assets/cards/28-its-a-girl-joyful-twirl-front.webp, https://raw.githubusercontent.com/jgffyjbv/trademarkgreetings/main/assets/cards/28-its-a-girl-joyful-twirl-inside.webp",taxable,
simple,TG-29,Little Lad So Glad,1,0,visible,"""Little Lad So Glad"" — a witty, hand-illustrated greeting card by Trademark Greetings. Front cover shown; the message is inside.","""Little Lad So Glad"" — a witty, hand-illustrated greeting card by Trademark Greetings. Front cover shown; the message is inside. Category: New Baby. Blank envelope included. Sold individually.",1,100,3.95,Greeting Cards > New Baby,"https://raw.githubusercontent.com/jgffyjbv/trademarkgreetings/main/assets/cards/29-little-lad-so-glad-front.webp, https://raw.githubusercontent.com/jgffyjbv/trademarkgreetings/main/assets/cards/29-little-lad-so-glad-inside.webp",taxable,
simple,TG-30,Goodbye (Onion Tears),1,0,visible,"""Goodbye (Onion Tears)"" — a witty, hand-illustrated greeting card by Trademark Greetings. Front cover shown; the message is inside.","""Goodbye (Onion Tears)"" — a witty, hand-illustrated greeting card by Trademark Greetings. Front cover shown; the message is inside. Category: Miss You. Blank envelope included. Sold individually.",1,100,3.95,Greeting Cards > Miss You,"https://raw.githubusercontent.com/jgffyjbv/trademarkgreetings/main/assets/cards/30-goodbye-onion-front.webp, https://raw.githubusercontent.com/jgffyjbv/trademarkgreetings/main/assets/cards/30-goodbye-onion-inside.webp",taxable,
simple,TG-31,Miss You — Urgent!,1,0,visible,"""Miss You — Urgent!"" — a witty, hand-illustrated greeting card by Trademark Greetings. Front cover shown; the message is inside.","""Miss You — Urgent!"" — a witty, hand-illustrated greeting card by Trademark Greetings. Front cover shown; the message is inside. Category: Miss You. Blank envelope included. Sold individually.",1,100,3.95,Greeting Cards > Miss You,"https://raw.githubusercontent.com/jgffyjbv/trademarkgreetings/main/assets/cards/31-miss-you-urgent-front.webp, https://raw.githubusercontent.com/jgffyjbv/trademarkgreetings/main/assets/cards/31-miss-you-urgent-inside.webp",taxable,
simple,TG-33,It's Not About the Location,1,0,visible,"""It's Not About the Location"" — a witty, hand-illustrated greeting card by Trademark Greetings. Front cover shown; the message is inside.","""It's Not About the Location"" — a witty, hand-illustrated greeting card by Trademark Greetings. Front cover shown; the message is inside. Category: New Home. Blank envelope included. Sold individually.",1,100,3.95,Greeting Cards > New Home,"https://raw.githubusercontent.com/jgffyjbv/trademarkgreetings/main/assets/cards/33-new-home-not-about-location-front.webp, https://raw.githubusercontent.com/jgffyjbv/trademarkgreetings/main/assets/cards/33-new-home-not-about-location-inside.webp",taxable,
simple,TG-34,Welcome Home,1,0,visible,"""Welcome Home"" — a witty, hand-illustrated greeting card by Trademark Greetings. Front cover shown; the message is inside.","""Welcome Home"" — a witty, hand-illustrated greeting card by Trademark Greetings. Front cover shown; the message is inside. Category: New Home. Blank envelope included. Sold individually.",1,100,3.95,Greeting Cards > New Home,"https://raw.githubusercontent.com/jgffyjbv/trademarkgreetings/main/assets/cards/34-new-home-welcome-home-front.webp, https://raw.githubusercontent.com/jgffyjbv/trademarkgreetings/main/assets/cards/34-new-home-welcome-home-inside.webp",taxable,
simple,TG-36,Just Taking the Time,1,0,visible,"""Just Taking the Time"" — a witty, hand-illustrated greeting card by Trademark Greetings. Front cover shown; the message is inside.","""Just Taking the Time"" — a witty, hand-illustrated greeting card by Trademark Greetings. Front cover shown; the message is inside. Category: Thank You. Blank envelope included. Sold individually.",1,100,3.95,Greeting Cards > Thank You,"https://raw.githubusercontent.com/jgffyjbv/trademarkgreetings/main/assets/cards/36-thank-you-just-taking-the-time-front.webp, https://raw.githubusercontent.com/jgffyjbv/trademarkgreetings/main/assets/cards/36-thank-you-just-taking-the-time-inside.webp",taxable,
simple,TG-38,"Zip It, Thank You",1,0,visible,"""Zip It, Thank You"" — a witty, hand-illustrated greeting card by Trademark Greetings. Front cover shown; the message is inside.","""Zip It, Thank You"" — a witty, hand-illustrated greeting card by Trademark Greetings. Front cover shown; the message is inside. Category: Thank You. Blank envelope included. Sold individually.",1,100,3.95,Greeting Cards > Thank You,"https://raw.githubusercontent.com/jgffyjbv/trademarkgreetings/main/assets/cards/38-thank-you-mouth-zipper-front.webp, https://raw.githubusercontent.com/jgffyjbv/trademarkgreetings/main/assets/cards/38-thank-you-mouth-zipper-inside.webp",taxable,
simple,TG-39,Receiving Gifts Is Fun,1,0,visible,"""Receiving Gifts Is Fun"" — a witty, hand-illustrated greeting card by Trademark Greetings. Front cover shown; the message is inside.","""Receiving Gifts Is Fun"" — a witty, hand-illustrated greeting card by Trademark Greetings. Front cover shown; the message is inside. Category: Thank You. Blank envelope included. Sold individually.",1,100,3.95,Greeting Cards > Thank You,"https://raw.githubusercontent.com/jgffyjbv/trademarkgreetings/main/assets/cards/39-receiving-gifts-are-fun-front.webp, https://raw.githubusercontent.com/jgffyjbv/trademarkgreetings/main/assets/cards/39-receiving-gifts-are-fun-inside.webp",taxable,
simple,TG-40,The Mirror,1,0,visible,"""The Mirror"" — a witty, hand-illustrated greeting card by Trademark Greetings. Front cover shown; the message is inside.","""The Mirror"" — a witty, hand-illustrated greeting card by Trademark Greetings. Front cover shown; the message is inside. Category: Encouragement. Blank envelope included. Sold individually.",1,100,3.95,Greeting Cards > Encouragement,"https://raw.githubusercontent.com/jgffyjbv/trademarkgreetings/main/assets/cards/40-instruction-manual-mirror-front.webp, https://raw.githubusercontent.com/jgffyjbv/trademarkgreetings/main/assets/cards/40-instruction-manual-mirror-inside.webp",taxable,
simple,TG-41,Things Only You Are Good At,1,0,visible,"""Things Only You Are Good At"" — a witty, hand-illustrated greeting card by Trademark Greetings. Front cover shown; the message is inside.","""Things Only You Are Good At"" — a witty, hand-illustrated greeting card by Trademark Greetings. Front cover shown; the message is inside. Category: Just Because. Blank envelope included. Sold individually.",1,100,3.95,Greeting Cards > Just Because,"https://raw.githubusercontent.com/jgffyjbv/trademarkgreetings/main/assets/cards/41-things-only-you-good-at-front.webp, https://raw.githubusercontent.com/jgffyjbv/trademarkgreetings/main/assets/cards/41-things-only-you-good-at-inside.webp",taxable,
simple,TG-42,The Greatest Gift I Ever Got,1,0,visible,"""The Greatest Gift I Ever Got"" — a witty, hand-illustrated greeting card by Trademark Greetings. Front cover shown; the message is inside.","""The Greatest Gift I Ever Got"" — a witty, hand-illustrated greeting card by Trademark Greetings. Front cover shown; the message is inside. Category: Just Because. Blank envelope included. Sold individually.",1,100,3.95,Greeting Cards > Just Because,"https://raw.githubusercontent.com/jgffyjbv/trademarkgreetings/main/assets/cards/42-greatest-gift-i-ever-got-front.webp, https://raw.githubusercontent.com/jgffyjbv/trademarkgreetings/main/assets/cards/42-greatest-gift-i-ever-got-inside.webp",taxable,
simple,TG-44,Hope That...,1,0,visible,"""Hope That..."" — a witty, hand-illustrated greeting card by Trademark Greetings. Front cover shown; the message is inside.","""Hope That..."" — a witty, hand-illustrated greeting card by Trademark Greetings. Front cover shown; the message is inside. Category: Encouragement. Blank envelope included. Sold individually.",1,100,3.95,Greeting Cards > Encouragement,"https://raw.githubusercontent.com/jgffyjbv/trademarkgreetings/main/assets/cards/44-hope-that-front.webp, https://raw.githubusercontent.com/jgffyjbv/trademarkgreetings/main/assets/cards/44-hope-that-inside.webp",taxable,
simple,TG-45,One Thing at a Time,1,0,visible,"""One Thing at a Time"" — a witty, hand-illustrated greeting card by Trademark Greetings. Front cover shown; the message is inside.","""One Thing at a Time"" — a witty, hand-illustrated greeting card by Trademark Greetings. Front cover shown; the message is inside. Category: Encouragement. Blank envelope included. Sold individually.",1,100,3.95,Greeting Cards > Encouragement,"https://raw.githubusercontent.com/jgffyjbv/trademarkgreetings/main/assets/cards/45-one-thing-at-a-time-front.webp, https://raw.githubusercontent.com/jgffyjbv/trademarkgreetings/main/assets/cards/45-one-thing-at-a-time-inside.webp",taxable,
simple,TG-46,The Perfect Combination,1,0,visible,"""The Perfect Combination"" — a witty, hand-illustrated greeting card by Trademark Greetings. Front cover shown; the message is inside.","""The Perfect Combination"" — a witty, hand-illustrated greeting card by Trademark Greetings. Front cover shown; the message is inside. Category: Just Because. Blank envelope included. Sold individually.",1,100,3.95,Greeting Cards > Just Because,"https://raw.githubusercontent.com/jgffyjbv/trademarkgreetings/main/assets/cards/46-perfect-combination-front.webp, https://raw.githubusercontent.com/jgffyjbv/trademarkgreetings/main/assets/cards/46-perfect-combination-inside.webp",taxable,
simple,TG-47,Thank You (Phone Bill),1,0,visible,"""Thank You (Phone Bill)"" — a witty, hand-illustrated greeting card by Trademark Greetings. Front cover shown; the message is inside.","""Thank You (Phone Bill)"" — a witty, hand-illustrated greeting card by Trademark Greetings. Front cover shown; the message is inside. Category: Thank You. Blank envelope included. Sold individually.",1,100,3.95,Greeting Cards > Thank You,"https://raw.githubusercontent.com/jgffyjbv/trademarkgreetings/main/assets/cards/47-thank-you-phone-bill-front.webp, https://raw.githubusercontent.com/jgffyjbv/trademarkgreetings/main/assets/cards/47-thank-you-phone-bill-inside.webp",taxable,
simple,TG-48,Sisters Are the Greatest Gift,1,0,visible,"""Sisters Are the Greatest Gift"" — a witty, hand-illustrated greeting card by Trademark Greetings. Front cover shown; the message is inside.","""Sisters Are the Greatest Gift"" — a witty, hand-illustrated greeting card by Trademark Greetings. Front cover shown; the message is inside. Category: Family. Blank envelope included. Sold individually.",1,100,3.95,Greeting Cards > Family,"https://raw.githubusercontent.com/jgffyjbv/trademarkgreetings/main/assets/cards/48-sisters-are-the-greatest-gift-front.webp, https://raw.githubusercontent.com/jgffyjbv/trademarkgreetings/main/assets/cards/48-sisters-are-the-greatest-gift-inside.webp",taxable,
simple,TG-49,So Proud of You,1,0,visible,"""So Proud of You"" — a witty, hand-illustrated greeting card by Trademark Greetings. Front cover shown; the message is inside.","""So Proud of You"" — a witty, hand-illustrated greeting card by Trademark Greetings. Front cover shown; the message is inside. Category: Congratulations. Blank envelope included. Sold individually.",1,100,3.95,Greeting Cards > Congratulations,"https://raw.githubusercontent.com/jgffyjbv/trademarkgreetings/main/assets/cards/49-several-reasons-proud-of-you-front.webp, https://raw.githubusercontent.com/jgffyjbv/trademarkgreetings/main/assets/cards/49-several-reasons-proud-of-you-inside.webp",taxable,
simple,TG-50,No One Like You,1,0,visible,"""No One Like You"" — a witty, hand-illustrated greeting card by Trademark Greetings. Front cover shown; the message is inside.","""No One Like You"" — a witty, hand-illustrated greeting card by Trademark Greetings. Front cover shown; the message is inside. Category: Just Because. Blank envelope included. Sold individually.",1,100,3.95,Greeting Cards > Just Because,"https://raw.githubusercontent.com/jgffyjbv/trademarkgreetings/main/assets/cards/50-no-one-like-you-front.webp, https://raw.githubusercontent.com/jgffyjbv/trademarkgreetings/main/assets/cards/50-no-one-like-you-inside.webp",taxable,
simple,TG-52,Don't Think Old,1,0,visible,"""Don't Think Old"" — a witty, hand-illustrated greeting card by Trademark Greetings. Front cover shown; the message is inside.","""Don't Think Old"" — a witty, hand-illustrated greeting card by Trademark Greetings. Front cover shown; the message is inside. Category: Birthday. Blank envelope included. Sold individually.",1,100,3.95,Greeting Cards > Birthday,"https://raw.githubusercontent.com/jgffyjbv/trademarkgreetings/main/assets/cards/52-bday-think-old-cause-bday-here-front.webp, https://raw.githubusercontent.com/jgffyjbv/trademarkgreetings/main/assets/cards/52-bday-think-old-cause-bday-here-inside.webp",taxable,
simple,TG-54,Personal Info Leaked,1,0,visible,"""Personal Info Leaked"" — a witty, hand-illustrated greeting card by Trademark Greetings. Front cover shown; the message is inside.","""Personal Info Leaked"" — a witty, hand-illustrated greeting card by Trademark Greetings. Front cover shown; the message is inside. Category: Birthday. Blank envelope included. Sold individually.",1,100,3.95,Greeting Cards > Birthday,"https://raw.githubusercontent.com/jgffyjbv/trademarkgreetings/main/assets/cards/54-bday-personal-info-leaked-front.webp, https://raw.githubusercontent.com/jgffyjbv/trademarkgreetings/main/assets/cards/54-bday-personal-info-leaked-inside.webp",taxable,
simple,TG-55,Unless You're a Banana,1,0,visible,"""Unless You're a Banana"" — a witty, hand-illustrated greeting card by Trademark Greetings. Front cover shown; the message is inside.","""Unless You're a Banana"" — a witty, hand-illustrated greeting card by Trademark Greetings. Front cover shown; the message is inside. Category: Birthday. Blank envelope included. Sold individually.",1,100,3.95,Greeting Cards > Birthday,"https://raw.githubusercontent.com/jgffyjbv/trademarkgreetings/main/assets/cards/55-bday-unless-banana-front.webp, https://raw.githubusercontent.com/jgffyjbv/trademarkgreetings/main/assets/cards/55-bday-unless-banana-inside.webp",taxable,
simple,TG-57,Reaching a New Stage,1,0,visible,"""Reaching a New Stage"" — a witty, hand-illustrated greeting card by Trademark Greetings. Front cover shown; the message is inside.","""Reaching a New Stage"" — a witty, hand-illustrated greeting card by Trademark Greetings. Front cover shown; the message is inside. Category: Congratulations. Blank envelope included. Sold individually.",1,100,3.95,Greeting Cards > Congratulations,"https://raw.githubusercontent.com/jgffyjbv/trademarkgreetings/main/assets/cards/57-congrats-reaching-new-stage-in-life-front.webp, https://raw.githubusercontent.com/jgffyjbv/trademarkgreetings/main/assets/cards/57-congrats-reaching-new-stage-in-life-inside.webp",taxable,
simple,TG-58,Right on Target,1,0,visible,"""Right on Target"" — a witty, hand-illustrated greeting card by Trademark Greetings. Front cover shown; the message is inside.","""Right on Target"" — a witty, hand-illustrated greeting card by Trademark Greetings. Front cover shown; the message is inside. Category: Congratulations. Blank envelope included. Sold individually.",1,100,3.95,Greeting Cards > Congratulations,"https://raw.githubusercontent.com/jgffyjbv/trademarkgreetings/main/assets/cards/58-congrats-target-front.webp, https://raw.githubusercontent.com/jgffyjbv/trademarkgreetings/main/assets/cards/58-congrats-target-inside.webp",taxable,
simple,TG-59,Get Well (Global Warming),1,0,visible,"""Get Well (Global Warming)"" — a witty, hand-illustrated greeting card by Trademark Greetings. Front cover shown; the message is inside.","""Get Well (Global Warming)"" — a witty, hand-illustrated greeting card by Trademark Greetings. Front cover shown; the message is inside. Category: Get Well. Blank envelope included. Sold individually.",1,100,3.95,Greeting Cards > Get Well,"https://raw.githubusercontent.com/jgffyjbv/trademarkgreetings/main/assets/cards/59-get-well-global-warming-front.webp, https://raw.githubusercontent.com/jgffyjbv/trademarkgreetings/main/assets/cards/59-get-well-global-warming-inside.webp",taxable,
simple,TG-61,Adventurous Travels,1,0,visible,"""Adventurous Travels"" — a witty, hand-illustrated greeting card by Trademark Greetings. Front cover shown; the message is inside.","""Adventurous Travels"" — a witty, hand-illustrated greeting card by Trademark Greetings. Front cover shown; the message is inside. Category: Just Because. Blank envelope included. Sold individually.",1,100,3.95,Greeting Cards > Just Because,"https://raw.githubusercontent.com/jgffyjbv/trademarkgreetings/main/assets/cards/61-traveling-adventurous-front.webp, https://raw.githubusercontent.com/jgffyjbv/trademarkgreetings/main/assets/cards/61-traveling-adventurous-inside.webp",taxable,
simple,TG-63,It's Not How Big the House Is,1,0,visible,"""It's Not How Big the House Is"" — a witty, hand-illustrated greeting card by Trademark Greetings. Front cover shown; the message is inside.","""It's Not How Big the House Is"" — a witty, hand-illustrated greeting card by Trademark Greetings. Front cover shown; the message is inside. Category: New Home. Blank envelope included. Sold individually.",1,100,3.95,Greeting Cards > New Home,"https://raw.githubusercontent.com/jgffyjbv/trademarkgreetings/main/assets/cards/63-new-home-not-how-big-house-is-front.webp, https://raw.githubusercontent.com/jgffyjbv/trademarkgreetings/main/assets/cards/63-new-home-not-how-big-house-is-inside.webp",taxable,
simple,TG-65,Thanks for Being There,1,0,visible,"""Thanks for Being There"" — a witty, hand-illustrated greeting card by Trademark Greetings. Front cover shown; the message is inside.","""Thanks for Being There"" — a witty, hand-illustrated greeting card by Trademark Greetings. Front cover shown; the message is inside. Category: Thank You. Blank envelope included. Sold individually.",1,100,3.95,Greeting Cards > Thank You,"https://raw.githubusercontent.com/jgffyjbv/trademarkgreetings/main/assets/cards/65-thank-you-such-a-hard-time-front.webp, https://raw.githubusercontent.com/jgffyjbv/trademarkgreetings/main/assets/cards/65-thank-you-such-a-hard-time-inside.webp",taxable,
simple,TG-67,"You & Me, Equal",1,0,visible,"""You & Me, Equal"" — a witty, hand-illustrated greeting card by Trademark Greetings. Front cover shown; the message is inside.","""You & Me, Equal"" — a witty, hand-illustrated greeting card by Trademark Greetings. Front cover shown; the message is inside. Category: Thank You. Blank envelope included. Sold individually.",1,100,3.95,Greeting Cards > Thank You,"https://raw.githubusercontent.com/jgffyjbv/trademarkgreetings/main/assets/cards/67-thank-you-you-me-equal-front.webp, https://raw.githubusercontent.com/jgffyjbv/trademarkgreetings/main/assets/cards/67-thank-you-you-me-equal-inside.webp",taxable,
simple,TG-68,Mother,1,0,visible,"""Mother"" — a witty, hand-illustrated greeting card by Trademark Greetings. Front cover shown; the message is inside.","""Mother"" — a witty, hand-illustrated greeting card by Trademark Greetings. Front cover shown; the message is inside. Category: Family. Blank envelope included. Sold individually.",1,100,3.95,Greeting Cards > Family,"https://raw.githubusercontent.com/jgffyjbv/trademarkgreetings/main/assets/cards/68-mother-front.webp, https://raw.githubusercontent.com/jgffyjbv/trademarkgreetings/main/assets/cards/68-mother-inside.webp",taxable,
simple,TG-69,Smart Sister,1,0,visible,"""Smart Sister"" — a witty, hand-illustrated greeting card by Trademark Greetings. Front cover shown; the message is inside.","""Smart Sister"" — a witty, hand-illustrated greeting card by Trademark Greetings. Front cover shown; the message is inside. Category: Family. Blank envelope included. Sold individually.",1,100,3.95,Greeting Cards > Family,"https://raw.githubusercontent.com/jgffyjbv/trademarkgreetings/main/assets/cards/69-smart-sister-front.webp, https://raw.githubusercontent.com/jgffyjbv/trademarkgreetings/main/assets/cards/69-smart-sister-inside.webp",taxable,
simple,TG-70,Tips for a New Baby,1,0,visible,"""Tips for a New Baby"" — a witty, hand-illustrated greeting card by Trademark Greetings. Front cover shown; the message is inside.","""Tips for a New Baby"" — a witty, hand-illustrated greeting card by Trademark Greetings. Front cover shown; the message is inside. Category: New Baby. Blank envelope included. Sold individually.",1,100,3.95,Greeting Cards > New Baby,"https://raw.githubusercontent.com/jgffyjbv/trademarkgreetings/main/assets/cards/70-tips-for-baby-front.webp, https://raw.githubusercontent.com/jgffyjbv/trademarkgreetings/main/assets/cards/70-tips-for-baby-inside.webp",taxable,
simple,TG-71,Miss You — Joke!,1,0,visible,"""Miss You — Joke!"" — a witty, hand-illustrated greeting card by Trademark Greetings. Front cover shown; the message is inside.","""Miss You — Joke!"" — a witty, hand-illustrated greeting card by Trademark Greetings. Front cover shown; the message is inside. Category: Miss You. Blank envelope included. Sold individually.",1,100,3.95,Greeting Cards > Miss You,"https://raw.githubusercontent.com/jgffyjbv/trademarkgreetings/main/assets/cards/71-miss-you-joke-front.webp, https://raw.githubusercontent.com/jgffyjbv/trademarkgreetings/main/assets/cards/71-miss-you-joke-inside.webp",taxable,
simple,TG-72,Caution!,1,0,visible,"""Caution!"" — a witty, hand-illustrated greeting card by Trademark Greetings. Front cover shown; the message is inside.","""Caution!"" — a witty, hand-illustrated greeting card by Trademark Greetings. Front cover shown; the message is inside. Category: Just Because. Blank envelope included. Sold individually.",1,100,3.95,Greeting Cards > Just Because,"https://raw.githubusercontent.com/jgffyjbv/trademarkgreetings/main/assets/cards/72-caution-front.webp, https://raw.githubusercontent.com/jgffyjbv/trademarkgreetings/main/assets/cards/72-caution-inside.webp",taxable,
simple,TG-73,Count Your Blessings,1,0,visible,"""Count Your Blessings"" — a witty, hand-illustrated greeting card by Trademark Greetings. Front cover shown; the message is inside.","""Count Your Blessings"" — a witty, hand-illustrated greeting card by Trademark Greetings. Front cover shown; the message is inside. Category: Encouragement. Blank envelope included. Sold individually.",1,100,3.95,Greeting Cards > Encouragement,"https://raw.githubusercontent.com/jgffyjbv/trademarkgreetings/main/assets/cards/73-count-your-blessings-front.webp, https://raw.githubusercontent.com/jgffyjbv/trademarkgreetings/main/assets/cards/73-count-your-blessings-inside.webp",taxable,
simple,TG-74,Thinking of You,1,0,visible,"""Thinking of You"" — a witty, hand-illustrated greeting card by Trademark Greetings. Front cover shown; the message is inside.","""Thinking of You"" — a witty, hand-illustrated greeting card by Trademark Greetings. Front cover shown; the message is inside. Category: Miss You. Blank envelope included. Sold individually.",1,100,3.95,Greeting Cards > Miss You,"https://raw.githubusercontent.com/jgffyjbv/trademarkgreetings/main/assets/cards/74-n-s-w-e-think-about-you-front.webp, https://raw.githubusercontent.com/jgffyjbv/trademarkgreetings/main/assets/cards/74-n-s-w-e-think-about-you-inside.webp",taxable,
simple,TG-76,An Overused Thank You,1,0,visible,"""An Overused Thank You"" — a witty, hand-illustrated greeting card by Trademark Greetings. Front cover shown; the message is inside.","""An Overused Thank You"" — a witty, hand-illustrated greeting card by Trademark Greetings. Front cover shown; the message is inside. Category: Thank You. Blank envelope included. Sold individually.",1,100,3.95,Greeting Cards > Thank You,"https://raw.githubusercontent.com/jgffyjbv/trademarkgreetings/main/assets/cards/76-thank-you-overused-front.webp, https://raw.githubusercontent.com/jgffyjbv/trademarkgreetings/main/assets/cards/76-thank-you-overused-inside.webp",taxable,
simple,TG-77,Money Can't Repay You,1,0,visible,"""Money Can't Repay You"" — a witty, hand-illustrated greeting card by Trademark Greetings. Front cover shown; the message is inside.","""Money Can't Repay You"" — a witty, hand-illustrated greeting card by Trademark Greetings. Front cover shown; the message is inside. Category: Thank You. Blank envelope included. Sold individually.",1,100,3.95,Greeting Cards > Thank You,"https://raw.githubusercontent.com/jgffyjbv/trademarkgreetings/main/assets/cards/77-money-not-enough-to-pay-front.webp, https://raw.githubusercontent.com/jgffyjbv/trademarkgreetings/main/assets/cards/77-money-not-enough-to-pay-inside.webp",taxable,
simple,TG-78,Not a Bill!,1,0,visible,"""Not a Bill!"" — a witty, hand-illustrated greeting card by Trademark Greetings. Front cover shown; the message is inside.","""Not a Bill!"" — a witty, hand-illustrated greeting card by Trademark Greetings. Front cover shown; the message is inside. Category: Just Because. Blank envelope included. Sold individually.",1,100,3.95,Greeting Cards > Just Because,"https://raw.githubusercontent.com/jgffyjbv/trademarkgreetings/main/assets/cards/78-important-message-not-a-bill-front.webp, https://raw.githubusercontent.com/jgffyjbv/trademarkgreetings/main/assets/cards/78-important-message-not-a-bill-inside.webp",taxable,
simple,TG-79,Others First,1,0,visible,"""Others First"" — a witty, hand-illustrated greeting card by Trademark Greetings. Front cover shown; the message is inside.","""Others First"" — a witty, hand-illustrated greeting card by Trademark Greetings. Front cover shown; the message is inside. Category: Thank You. Blank envelope included. Sold individually.",1,100,3.95,Greeting Cards > Thank You,"https://raw.githubusercontent.com/jgffyjbv/trademarkgreetings/main/assets/cards/79-doing-for-others-your-priority-front.webp, https://raw.githubusercontent.com/jgffyjbv/trademarkgreetings/main/assets/cards/79-doing-for-others-your-priority-inside.webp",taxable,
simple,TG-80,For Busy People,1,0,visible,"""For Busy People"" — a witty, hand-illustrated greeting card by Trademark Greetings. Front cover shown; the message is inside.","""For Busy People"" — a witty, hand-illustrated greeting card by Trademark Greetings. Front cover shown; the message is inside. Category: Just Because. Blank envelope included. Sold individually.",1,100,3.95,Greeting Cards > Just Because,"https://raw.githubusercontent.com/jgffyjbv/trademarkgreetings/main/assets/cards/80-busy-people-front.webp, https://raw.githubusercontent.com/jgffyjbv/trademarkgreetings/main/assets/cards/80-busy-people-inside.webp",taxable,
simple,TG-81,3 Things for Survival,1,0,visible,"""3 Things for Survival"" — a witty, hand-illustrated greeting card by Trademark Greetings. Front cover shown; the message is inside.","""3 Things for Survival"" — a witty, hand-illustrated greeting card by Trademark Greetings. Front cover shown; the message is inside. Category: Just Because. Blank envelope included. Sold individually.",1,100,3.95,Greeting Cards > Just Because,"https://raw.githubusercontent.com/jgffyjbv/trademarkgreetings/main/assets/cards/81-3-things-for-survival-front.webp, https://raw.githubusercontent.com/jgffyjbv/trademarkgreetings/main/assets/cards/81-3-things-for-survival-inside.webp",taxable,
simple,TG-82,Can't Even Eat Breakfast,1,0,visible,"""Can't Even Eat Breakfast"" — a witty, hand-illustrated greeting card by Trademark Greetings. Front cover shown; the message is inside.","""Can't Even Eat Breakfast"" — a witty, hand-illustrated greeting card by Trademark Greetings. Front cover shown; the message is inside. Category: Miss You. Blank envelope included. Sold individually.",1,100,3.95,Greeting Cards > Miss You,"https://raw.githubusercontent.com/jgffyjbv/trademarkgreetings/main/assets/cards/82-breakfast-cant-eat-front.webp, https://raw.githubusercontent.com/jgffyjbv/trademarkgreetings/main/assets/cards/82-breakfast-cant-eat-inside.webp",taxable,
simple,TG-83,Open Immediately!,1,0,visible,"""Open Immediately!"" — a witty, hand-illustrated greeting card by Trademark Greetings. Front cover shown; the message is inside.","""Open Immediately!"" — a witty, hand-illustrated greeting card by Trademark Greetings. Front cover shown; the message is inside. Category: Just Because. Blank envelope included. Sold individually.",1,100,3.95,Greeting Cards > Just Because,"https://raw.githubusercontent.com/jgffyjbv/trademarkgreetings/main/assets/cards/83-open-immediately-front.webp, https://raw.githubusercontent.com/jgffyjbv/trademarkgreetings/main/assets/cards/83-open-immediately-inside.webp",taxable,
simple,TG-85,What a Miss,1,0,visible,"""What a Miss"" — a witty, hand-illustrated greeting card by Trademark Greetings. Front cover shown; the message is inside.","""What a Miss"" — a witty, hand-illustrated greeting card by Trademark Greetings. Front cover shown; the message is inside. Category: Miss You. Blank envelope included. Sold individually.",1,100,3.95,Greeting Cards > Miss You,"https://raw.githubusercontent.com/jgffyjbv/trademarkgreetings/main/assets/cards/85-what-a-miss-front.webp, https://raw.githubusercontent.com/jgffyjbv/trademarkgreetings/main/assets/cards/85-what-a-miss-inside.webp",taxable,
simple,TG-86,Congrats!,1,0,visible,"""Congrats!"" — a witty, hand-illustrated greeting card by Trademark Greetings. Front cover shown; the message is inside.","""Congrats!"" — a witty, hand-illustrated greeting card by Trademark Greetings. Front cover shown; the message is inside. Category: Congratulations. Blank envelope included. Sold individually.",1,100,3.95,Greeting Cards > Congratulations,"https://raw.githubusercontent.com/jgffyjbv/trademarkgreetings/main/assets/cards/86-congrats-front.webp, https://raw.githubusercontent.com/jgffyjbv/trademarkgreetings/main/assets/cards/86-congrats-inside.webp",taxable,
simple,TG-87,The Graduate,1,0,visible,"""The Graduate"" — a witty, hand-illustrated greeting card by Trademark Greetings. Front cover shown; the message is inside.","""The Graduate"" — a witty, hand-illustrated greeting card by Trademark Greetings. Front cover shown; the message is inside. Category: Graduation. Blank envelope included. Sold individually.",1,100,3.95,Greeting Cards > Graduation,"https://raw.githubusercontent.com/jgffyjbv/trademarkgreetings/main/assets/cards/87-graduate-front.webp, https://raw.githubusercontent.com/jgffyjbv/trademarkgreetings/main/assets/cards/87-graduate-inside.webp",taxable,
simple,TG-88,"Graduate, You're Great",1,0,visible,"""Graduate, You're Great"" — a witty, hand-illustrated greeting card by Trademark Greetings. Front cover shown; the message is inside.","""Graduate, You're Great"" — a witty, hand-illustrated greeting card by Trademark Greetings. Front cover shown; the message is inside. Category: Graduation. Blank envelope included. Sold individually.",1,100,3.95,Greeting Cards > Graduation,"https://raw.githubusercontent.com/jgffyjbv/trademarkgreetings/main/assets/cards/88-graduate-you-are-great-front.webp, https://raw.githubusercontent.com/jgffyjbv/trademarkgreetings/main/assets/cards/88-graduate-you-are-great-inside.webp",taxable,
simple,TG-89,Something Special (Grad),1,0,visible,"""Something Special (Grad)"" — a witty, hand-illustrated greeting card by Trademark Greetings. Front cover shown; the message is inside.","""Something Special (Grad)"" — a witty, hand-illustrated greeting card by Trademark Greetings. Front cover shown; the message is inside. Category: Graduation. Blank envelope included. Sold individually.",1,100,3.95,Greeting Cards > Graduation,"https://raw.githubusercontent.com/jgffyjbv/trademarkgreetings/main/assets/cards/89-think-something-special-grad-front.webp, https://raw.githubusercontent.com/jgffyjbv/trademarkgreetings/main/assets/cards/89-think-something-special-grad-inside.webp",taxable,
simple,TG-90,Twists and Turns,1,0,visible,"""Twists and Turns"" — a witty, hand-illustrated greeting card by Trademark Greetings. Front cover shown; the message is inside.","""Twists and Turns"" — a witty, hand-illustrated greeting card by Trademark Greetings. Front cover shown; the message is inside. Category: Encouragement. Blank envelope included. Sold individually.",1,100,3.95,Greeting Cards > Encouragement,"https://raw.githubusercontent.com/jgffyjbv/trademarkgreetings/main/assets/cards/90-twists-and-turns-front.webp, https://raw.githubusercontent.com/jgffyjbv/trademarkgreetings/main/assets/cards/90-twists-and-turns-inside.webp",taxable,
simple,TG-91,Forgot You Existed,1,0,visible,"""Forgot You Existed"" — a witty, hand-illustrated greeting card by Trademark Greetings. Front cover shown; the message is inside.","""Forgot You Existed"" — a witty, hand-illustrated greeting card by Trademark Greetings. Front cover shown; the message is inside. Category: Miss You. Blank envelope included. Sold individually.",1,100,3.95,Greeting Cards > Miss You,"https://raw.githubusercontent.com/jgffyjbv/trademarkgreetings/main/assets/cards/91-forgot-your-existance-front.webp, https://raw.githubusercontent.com/jgffyjbv/trademarkgreetings/main/assets/cards/91-forgot-your-existance-inside.webp",taxable,
simple,TG-92,The Deepest Place in My Heart,1,0,visible,"""The Deepest Place in My Heart"" — a witty, hand-illustrated greeting card by Trademark Greetings. Front cover shown; the message is inside.","""The Deepest Place in My Heart"" — a witty, hand-illustrated greeting card by Trademark Greetings. Front cover shown; the message is inside. Category: Sympathy. Blank envelope included. Sold individually.",1,100,3.95,Greeting Cards > Sympathy,"https://raw.githubusercontent.com/jgffyjbv/trademarkgreetings/main/assets/cards/92-deepest-place-in-heart-front.webp, https://raw.githubusercontent.com/jgffyjbv/trademarkgreetings/main/assets/cards/92-deepest-place-in-heart-inside.webp",taxable,
simple,TG-93,The Chase,1,0,visible,"""The Chase"" — a witty, hand-illustrated greeting card by Trademark Greetings. Front cover shown; the message is inside.","""The Chase"" — a witty, hand-illustrated greeting card by Trademark Greetings. Front cover shown; the message is inside. Category: Just Because. Blank envelope included. Sold individually.",1,100,3.95,Greeting Cards > Just Because,"https://raw.githubusercontent.com/jgffyjbv/trademarkgreetings/main/assets/cards/93-owner-chase-front.webp, https://raw.githubusercontent.com/jgffyjbv/trademarkgreetings/main/assets/cards/93-owner-chase-inside.webp",taxable,
simple,TG-94,Searching for Words to Thank You,1,0,visible,"""Searching for Words to Thank You"" — a witty, hand-illustrated greeting card by Trademark Greetings. Front cover shown; the message is inside.","""Searching for Words to Thank You"" — a witty, hand-illustrated greeting card by Trademark Greetings. Front cover shown; the message is inside. Category: Thank You. Blank envelope included. Sold individually.",1,100,3.95,Greeting Cards > Thank You,"https://raw.githubusercontent.com/jgffyjbv/trademarkgreetings/main/assets/cards/94-search-words-to-thank-front.webp, https://raw.githubusercontent.com/jgffyjbv/trademarkgreetings/main/assets/cards/94-search-words-to-thank-inside.webp",taxable,
simple,TG-95,Forgive Me — Congrats!,1,0,visible,"""Forgive Me — Congrats!"" — a witty, hand-illustrated greeting card by Trademark Greetings. Front cover shown; the message is inside.","""Forgive Me — Congrats!"" — a witty, hand-illustrated greeting card by Trademark Greetings. Front cover shown; the message is inside. Category: Congratulations. Blank envelope included. Sold individually.",1,100,3.95,Greeting Cards > Congratulations,"https://raw.githubusercontent.com/jgffyjbv/trademarkgreetings/main/assets/cards/95-forgive-me-congrats-front.webp, https://raw.githubusercontent.com/jgffyjbv/trademarkgreetings/main/assets/cards/95-forgive-me-congrats-inside.webp",taxable,
simple,TG-96,Nothing I Can Do or Say,1,0,visible,"""Nothing I Can Do or Say"" — a witty, hand-illustrated greeting card by Trademark Greetings. Front cover shown; the message is inside.","""Nothing I Can Do or Say"" — a witty, hand-illustrated greeting card by Trademark Greetings. Front cover shown; the message is inside. Category: Sympathy. Blank envelope included. Sold individually.",1,100,3.95,Greeting Cards > Sympathy,"https://raw.githubusercontent.com/jgffyjbv/trademarkgreetings/main/assets/cards/96-nothing-can-do-or-say-front.webp, https://raw.githubusercontent.com/jgffyjbv/trademarkgreetings/main/assets/cards/96-nothing-can-do-or-say-inside.webp",taxable,
simple,TG-97,I Think of You All the Time,1,0,visible,"""I Think of You All the Time"" — a witty, hand-illustrated greeting card by Trademark Greetings. Front cover shown; the message is inside.","""I Think of You All the Time"" — a witty, hand-illustrated greeting card by Trademark Greetings. Front cover shown; the message is inside. Category: Miss You. Blank envelope included. Sold individually.",1,100,3.95,Greeting Cards > Miss You,"https://raw.githubusercontent.com/jgffyjbv/trademarkgreetings/main/assets/cards/97-think-you-all-time-front.webp, https://raw.githubusercontent.com/jgffyjbv/trademarkgreetings/main/assets/cards/97-think-you-all-time-inside.webp",taxable,
simple,TG-98,Define: Wonderful Person,1,0,visible,"""Define: Wonderful Person"" — a witty, hand-illustrated greeting card by Trademark Greetings. Front cover shown; the message is inside.","""Define: Wonderful Person"" — a witty, hand-illustrated greeting card by Trademark Greetings. Front cover shown; the message is inside. Category: Just Because. Blank envelope included. Sold individually.",1,100,3.95,Greeting Cards > Just Because,"https://raw.githubusercontent.com/jgffyjbv/trademarkgreetings/main/assets/cards/98-define-wonderful-person-front.webp, https://raw.githubusercontent.com/jgffyjbv/trademarkgreetings/main/assets/cards/98-define-wonderful-person-inside.webp",taxable,
simple,TG-99,"Special Day, Special Moments",1,0,visible,"""Special Day, Special Moments"" — a witty, hand-illustrated greeting card by Trademark Greetings. Front cover shown; the message is inside.","""Special Day, Special Moments"" — a witty, hand-illustrated greeting card by Trademark Greetings. Front cover shown; the message is inside. Category: Just Because. Blank envelope included. Sold individually.",1,100,3.95,Greeting Cards > Just Because,"https://raw.githubusercontent.com/jgffyjbv/trademarkgreetings/main/assets/cards/99-special-day-special-moments-front.webp, https://raw.githubusercontent.com/jgffyjbv/trademarkgreetings/main/assets/cards/99-special-day-special-moments-inside.webp",taxable,
simple,TG-100,Why Birthdays Are Happy Days,1,0,visible,"""Why Birthdays Are Happy Days"" — a witty, hand-illustrated greeting card by Trademark Greetings. Front cover shown; the message is inside.","""Why Birthdays Are Happy Days"" — a witty, hand-illustrated greeting card by Trademark Greetings. Front cover shown; the message is inside. Category: Birthday. Blank envelope included. Sold individually.",1,100,3.95,Greeting Cards > Birthday,"https://raw.githubusercontent.com/jgffyjbv/trademarkgreetings/main/assets/cards/100-why-birthday-happy-day-front.webp, https://raw.githubusercontent.com/jgffyjbv/trademarkgreetings/main/assets/cards/100-why-birthday-happy-day-inside.webp",taxable,
simple,TG-101,President of the USA,1,0,visible,"""President of the USA"" — a witty, hand-illustrated greeting card by Trademark Greetings. Front cover shown; the message is inside.","""President of the USA"" — a witty, hand-illustrated greeting card by Trademark Greetings. Front cover shown; the message is inside. Category: Just Because. Blank envelope included. Sold individually.",1,100,3.95,Greeting Cards > Just Because,"https://raw.githubusercontent.com/jgffyjbv/trademarkgreetings/main/assets/cards/101-president-of-usa-front.webp, https://raw.githubusercontent.com/jgffyjbv/trademarkgreetings/main/assets/cards/101-president-of-usa-inside.webp",taxable,
simple,TG-102,"Think Good, Think Again",1,0,visible,"""Think Good, Think Again"" — a witty, hand-illustrated greeting card by Trademark Greetings. Front cover shown; the message is inside.","""Think Good, Think Again"" — a witty, hand-illustrated greeting card by Trademark Greetings. Front cover shown; the message is inside. Category: Just Because. Blank envelope included. Sold individually.",1,100,3.95,Greeting Cards > Just Because,"https://raw.githubusercontent.com/jgffyjbv/trademarkgreetings/main/assets/cards/102-think-good-think-again-front.webp, https://raw.githubusercontent.com/jgffyjbv/trademarkgreetings/main/assets/cards/102-think-good-think-again-inside.webp",taxable,
simple,TG-103,Sorry for Bothering — Happy Birthday,1,0,visible,"""Sorry for Bothering — Happy Birthday"" — a witty, hand-illustrated greeting card by Trademark Greetings. Front cover shown; the message is inside.","""Sorry for Bothering — Happy Birthday"" — a witty, hand-illustrated greeting card by Trademark Greetings. Front cover shown; the message is inside. Category: Birthday. Blank envelope included. Sold individually.",1,100,3.95,Greeting Cards > Birthday,"https://raw.githubusercontent.com/jgffyjbv/trademarkgreetings/main/assets/cards/103-sorry-for-bothering-happy-bday-front.webp, https://raw.githubusercontent.com/jgffyjbv/trademarkgreetings/main/assets/cards/103-sorry-for-bothering-happy-bday-inside.webp",taxable,
simple,TG-104,Boggle Birthday,1,0,visible,"""Boggle Birthday"" — a witty, hand-illustrated greeting card by Trademark Greetings. Front cover shown; the message is inside.","""Boggle Birthday"" — a witty, hand-illustrated greeting card by Trademark Greetings. Front cover shown; the message is inside. Category: Birthday. Blank envelope included. Sold individually.",1,100,3.95,Greeting Cards > Birthday,"https://raw.githubusercontent.com/jgffyjbv/trademarkgreetings/main/assets/cards/104-boggle-bday-front.webp, https://raw.githubusercontent.com/jgffyjbv/trademarkgreetings/main/assets/cards/104-boggle-bday-inside.webp",taxable,
simple,TG-105,Happiest Day on Earth,1,0,visible,"""Happiest Day on Earth"" — a witty, hand-illustrated greeting card by Trademark Greetings. Front cover shown; the message is inside.","""Happiest Day on Earth"" — a witty, hand-illustrated greeting card by Trademark Greetings. Front cover shown; the message is inside. Category: Birthday. Blank envelope included. Sold individually.",1,100,3.95,Greeting Cards > Birthday,"https://raw.githubusercontent.com/jgffyjbv/trademarkgreetings/main/assets/cards/105-bday-happiest-day-on-earth-front.webp, https://raw.githubusercontent.com/jgffyjbv/trademarkgreetings/main/assets/cards/105-bday-happiest-day-on-earth-inside.webp",taxable,
simple,TG-106,Family Is a Blessing,1,0,visible,"""Family Is a Blessing"" — a witty, hand-illustrated greeting card by Trademark Greetings. Front cover shown; the message is inside.","""Family Is a Blessing"" — a witty, hand-illustrated greeting card by Trademark Greetings. Front cover shown; the message is inside. Category: Family. Blank envelope included. Sold individually.",1,100,3.95,Greeting Cards > Family,"https://raw.githubusercontent.com/jgffyjbv/trademarkgreetings/main/assets/cards/106-family-is-a-blessing-front.webp, https://raw.githubusercontent.com/jgffyjbv/trademarkgreetings/main/assets/cards/106-family-is-a-blessing-inside.webp",taxable,
simple,TG-107,Hate Having a Sister Like You,1,0,visible,"""Hate Having a Sister Like You"" — a witty, hand-illustrated greeting card by Trademark Greetings. Front cover shown; the message is inside.","""Hate Having a Sister Like You"" — a witty, hand-illustrated greeting card by Trademark Greetings. Front cover shown; the message is inside. Category: Family. Blank envelope included. Sold individually.",1,100,3.95,Greeting Cards > Family,"https://raw.githubusercontent.com/jgffyjbv/trademarkgreetings/main/assets/cards/107-hate-having-sister-like-you-front.webp, https://raw.githubusercontent.com/jgffyjbv/trademarkgreetings/main/assets/cards/107-hate-having-sister-like-you-inside.webp",taxable,
simple,TG-108,If You Think This Means You,1,0,visible,"""If You Think This Means You"" — a witty, hand-illustrated greeting card by Trademark Greetings. Front cover shown; the message is inside.","""If You Think This Means You"" — a witty, hand-illustrated greeting card by Trademark Greetings. Front cover shown; the message is inside. Category: Just Because. Blank envelope included. Sold individually.",1,100,3.95,Greeting Cards > Just Because,"https://raw.githubusercontent.com/jgffyjbv/trademarkgreetings/main/assets/cards/108-if-you-think-this-means-you-front.webp, https://raw.githubusercontent.com/jgffyjbv/trademarkgreetings/main/assets/cards/108-if-you-think-this-means-you-inside.webp",taxable,
simple,TG-109,Warning: Side Effects,1,0,visible,"""Warning: Side Effects"" — a witty, hand-illustrated greeting card by Trademark Greetings. Front cover shown; the message is inside.","""Warning: Side Effects"" — a witty, hand-illustrated greeting card by Trademark Greetings. Front cover shown; the message is inside. Category: Birthday. Blank envelope included. Sold individually.",1,100,3.95,Greeting Cards > Birthday,"https://raw.githubusercontent.com/jgffyjbv/trademarkgreetings/main/assets/cards/109-bday-warning-side-effects-front.webp, https://raw.githubusercontent.com/jgffyjbv/trademarkgreetings/main/assets/cards/109-bday-warning-side-effects-inside.webp",taxable,
simple,TG-110,Greatest Teacher,1,0,visible,"""Greatest Teacher"" — a witty, hand-illustrated greeting card by Trademark Greetings. Front cover shown; the message is inside.","""Greatest Teacher"" — a witty, hand-illustrated greeting card by Trademark Greetings. Front cover shown; the message is inside. Category: Thank You. Blank envelope included. Sold individually.",1,100,3.95,Greeting Cards > Thank You,"https://raw.githubusercontent.com/jgffyjbv/trademarkgreetings/main/assets/cards/110-greatest-teacher-dictionary-front.webp, https://raw.githubusercontent.com/jgffyjbv/trademarkgreetings/main/assets/cards/110-greatest-teacher-dictionary-inside.webp",taxable,
simple,TG-111,A Moment of Silence,1,0,visible,"""A Moment of Silence"" — a witty, hand-illustrated greeting card by Trademark Greetings. Front cover shown; the message is inside.","""A Moment of Silence"" — a witty, hand-illustrated greeting card by Trademark Greetings. Front cover shown; the message is inside. Category: Sympathy. Blank envelope included. Sold individually.",1,100,3.95,Greeting Cards > Sympathy,"https://raw.githubusercontent.com/jgffyjbv/trademarkgreetings/main/assets/cards/111-moment-of-silence-front.webp, https://raw.githubusercontent.com/jgffyjbv/trademarkgreetings/main/assets/cards/111-moment-of-silence-inside.webp",taxable,
simple,TG-112,Long-Neck Giraffe,1,0,visible,"""Long-Neck Giraffe"" — a witty, hand-illustrated greeting card by Trademark Greetings. Front cover shown; the message is inside.","""Long-Neck Giraffe"" — a witty, hand-illustrated greeting card by Trademark Greetings. Front cover shown; the message is inside. Category: Miss You. Blank envelope included. Sold individually.",1,100,3.95,Greeting Cards > Miss You,"https://raw.githubusercontent.com/jgffyjbv/trademarkgreetings/main/assets/cards/112-long-neck-giraffe-miss-you-front.webp, https://raw.githubusercontent.com/jgffyjbv/trademarkgreetings/main/assets/cards/112-long-neck-giraffe-miss-you-inside.webp",taxable,
simple,TG-113,Doing and Thanking,1,0,visible,"""Doing and Thanking"" — a witty, hand-illustrated greeting card by Trademark Greetings. Front cover shown; the message is inside.","""Doing and Thanking"" — a witty, hand-illustrated greeting card by Trademark Greetings. Front cover shown; the message is inside. Category: Thank You. Blank envelope included. Sold individually.",1,100,3.95,Greeting Cards > Thank You,"https://raw.githubusercontent.com/jgffyjbv/trademarkgreetings/main/assets/cards/113-doing-and-thanking-front.webp, https://raw.githubusercontent.com/jgffyjbv/trademarkgreetings/main/assets/cards/113-doing-and-thanking-inside.webp",taxable,
simple,TG-114,Delighted to Share Our Joy — Girl,1,0,visible,"""Delighted to Share Our Joy — Girl"" — a witty, hand-illustrated greeting card by Trademark Greetings. Front cover shown; the message is inside.","""Delighted to Share Our Joy — Girl"" — a witty, hand-illustrated greeting card by Trademark Greetings. Front cover shown; the message is inside. Category: New Baby. Blank envelope included. Sold individually.",1,100,3.95,Greeting Cards > New Baby,"https://raw.githubusercontent.com/jgffyjbv/trademarkgreetings/main/assets/cards/114-delighted-share-joy-girl-front.webp, https://raw.githubusercontent.com/jgffyjbv/trademarkgreetings/main/assets/cards/114-delighted-share-joy-girl-inside.webp",taxable,
simple,TG-115,Delighted to Share Our Joy — Boy,1,0,visible,"""Delighted to Share Our Joy — Boy"" — a witty, hand-illustrated greeting card by Trademark Greetings. Front cover shown; the message is inside.","""Delighted to Share Our Joy — Boy"" — a witty, hand-illustrated greeting card by Trademark Greetings. Front cover shown; the message is inside. Category: New Baby. Blank envelope included. Sold individually.",1,100,3.95,Greeting Cards > New Baby,"https://raw.githubusercontent.com/jgffyjbv/trademarkgreetings/main/assets/cards/115-delighted-share-joy-boy-front.webp, https://raw.githubusercontent.com/jgffyjbv/trademarkgreetings/main/assets/cards/115-delighted-share-joy-boy-inside.webp",taxable,
simple,TG-116,3 Facts About You,1,0,visible,"""3 Facts About You"" — a witty, hand-illustrated greeting card by Trademark Greetings. Front cover shown; the message is inside.","""3 Facts About You"" — a witty, hand-illustrated greeting card by Trademark Greetings. Front cover shown; the message is inside. Category: Just Because. Blank envelope included. Sold individually.",1,100,3.95,Greeting Cards > Just Because,"https://raw.githubusercontent.com/jgffyjbv/trademarkgreetings/main/assets/cards/116-3-facts-about-you-front.webp, https://raw.githubusercontent.com/jgffyjbv/trademarkgreetings/main/assets/cards/116-3-facts-about-you-inside.webp",taxable,
simple,TG-117,Bother? Knock Knock,1,0,visible,"""Bother? Knock Knock"" — a witty, hand-illustrated greeting card by Trademark Greetings. Front cover shown; the message is inside.","""Bother? Knock Knock"" — a witty, hand-illustrated greeting card by Trademark Greetings. Front cover shown; the message is inside. Category: Just Because. Blank envelope included. Sold individually.",1,100,3.95,Greeting Cards > Just Because,"https://raw.githubusercontent.com/jgffyjbv/trademarkgreetings/main/assets/cards/117-bother-knock-front.webp, https://raw.githubusercontent.com/jgffyjbv/trademarkgreetings/main/assets/cards/117-bother-knock-inside.webp",taxable,
simple,TG-118,Tips for Vacation,1,0,visible,"""Tips for Vacation"" — a witty, hand-illustrated greeting card by Trademark Greetings. Front cover shown; the message is inside.","""Tips for Vacation"" — a witty, hand-illustrated greeting card by Trademark Greetings. Front cover shown; the message is inside. Category: Just Because. Blank envelope included. Sold individually.",1,100,3.95,Greeting Cards > Just Because,"https://raw.githubusercontent.com/jgffyjbv/trademarkgreetings/main/assets/cards/118-tips-vacation-front.webp, https://raw.githubusercontent.com/jgffyjbv/trademarkgreetings/main/assets/cards/118-tips-vacation-inside.webp",taxable,
simple,TG-NP-APPLE,Apple Notepad,1,0,visible,Apple Notepad — a die-cut lined notepad by Trademark Greetings.,"Apple Notepad — a die-cut lined notepad by Trademark Greetings. Perfect for notes, lists, and little messages.",1,100,4.95,Notepads,https://raw.githubusercontent.com/jgffyjbv/trademarkgreetings/main/assets/notepads/notepad-apple.webp,taxable,
simple,TG-NP-BIRDS,Birds on a Wire Notepad,1,0,visible,Birds on a Wire Notepad — a die-cut lined notepad by Trademark Greetings.,"Birds on a Wire Notepad — a die-cut lined notepad by Trademark Greetings. Perfect for notes, lists, and little messages.",1,100,4.95,Notepads,https://raw.githubusercontent.com/jgffyjbv/trademarkgreetings/main/assets/notepads/notepad-birds.webp,taxable,
simple,TG-NP-BLUEMITZ,Blue Sailboat Notepad,1,0,visible,Blue Sailboat Notepad — a die-cut lined notepad by Trademark Greetings.,"Blue Sailboat Notepad — a die-cut lined notepad by Trademark Greetings. Perfect for notes, lists, and little messages.",1,100,4.95,Notepads,https://raw.githubusercontent.com/jgffyjbv/trademarkgreetings/main/assets/notepads/notepad-blue-mitzvah.webp,taxable,
simple,TG-NP-PINKMITZ,Pink Butterfly Notepad,1,0,visible,Pink Butterfly Notepad — a die-cut lined notepad by Trademark Greetings.,"Pink Butterfly Notepad — a die-cut lined notepad by Trademark Greetings. Perfect for notes, lists, and little messages.",1,100,4.95,Notepads,https://raw.githubusercontent.com/jgffyjbv/trademarkgreetings/main/assets/notepads/notepad-pink-mitzvah.webp,taxable,
simple,TG-NP-BEIGE4CO,Four Colors Notepad,1,0,visible,Four Colors Notepad — a die-cut lined notepad by Trademark Greetings.,"Four Colors Notepad — a die-cut lined notepad by Trademark Greetings. Perfect for notes, lists, and little messages.",1,100,4.95,Notepads,https://raw.githubusercontent.com/jgffyjbv/trademarkgreetings/main/assets/notepads/notepad-beige-4-colors.webp,taxable,
simple,TG-NP-MUSICALN,Musical Notes Notepad,1,0,visible,Musical Notes Notepad — a die-cut lined notepad by Trademark Greetings.,"Musical Notes Notepad — a die-cut lined notepad by Trademark Greetings. Perfect for notes, lists, and little messages.",1,100,4.95,Notepads,https://raw.githubusercontent.com/jgffyjbv/trademarkgreetings/main/assets/notepads/notepad-musical-notes.webp,taxable,
simple,TG-NP-POLKADOT,Polka Dots Notepad,1,0,visible,Polka Dots Notepad — a die-cut lined notepad by Trademark Greetings.,"Polka Dots Notepad — a die-cut lined notepad by Trademark Greetings. Perfect for notes, lists, and little messages.",1,100,4.95,Notepads,https://raw.githubusercontent.com/jgffyjbv/trademarkgreetings/main/assets/notepads/notepad-polka-dots.webp,taxable,
simple,TG-NP-YELLOWFL,Yellow Flowers Notepad,1,0,visible,Yellow Flowers Notepad — a die-cut lined notepad by Trademark Greetings.,"Yellow Flowers Notepad — a die-cut lined notepad by Trademark Greetings. Perfect for notes, lists, and little messages.",1,100,4.95,Notepads,https://raw.githubusercontent.com/jgffyjbv/trademarkgreetings/main/assets/notepads/notepad-yellow-flowers.webp,taxable,
simple,TG-NP-SCHOOL,Schoolhouse Notepad,1,0,visible,Schoolhouse Notepad — a die-cut lined notepad by Trademark Greetings.,"Schoolhouse Notepad — a die-cut lined notepad by Trademark Greetings. Perfect for notes, lists, and little messages.",1,100,4.95,Notepads,https://raw.githubusercontent.com/jgffyjbv/trademarkgreetings/main/assets/notepads/notepad-school.webp,taxable,
simple,TG-NP-FLOWERPO,Flower Pot Notepad,1,0,visible,Flower Pot Notepad — a die-cut lined notepad by Trademark Greetings.,"Flower Pot Notepad — a die-cut lined notepad by Trademark Greetings. Perfect for notes, lists, and little messages.",1,100,4.95,Notepads,https://raw.githubusercontent.com/jgffyjbv/trademarkgreetings/main/assets/notepads/notepad-flower-pot.webp,taxable,